Позначка часу,На який месенджер переходити?
07.11.2024 10:52:43,Discord
07.11.2024 10:52:56,Minecraft :)
07.11.2024 10:52:58,Signal
07.11.2024 10:53:00,лишити телеграм і нікому не казати 
07.11.2024 10:53:02,Discord
07.11.2024 10:53:10,Discord
07.11.2024 10:53:18,Discord
07.11.2024 10:53:20,Discord
07.11.2024 10:53:21,Discord
07.11.2024 10:53:24,WhatsApp
07.11.2024 10:53:25,Signal
07.11.2024 10:53:28,Signal
07.11.2024 10:53:46,Discord
07.11.2024 10:54:03,twitter
07.11.2024 10:54:05,Signal
07.11.2024 10:54:18,Discord